company,metric_name,value,unit,as_of_date,segment,disclosed_or_derived,source_url,doc_title,page,note
MTAR Technologies Limited,number of manufacturing facilities/units,UNREACHABLE,units,NOT_FOUND,company-wide,NOT_FOUND,https://mtar.in/our-units/,Our Units - MTAR Technologies Ltd,NOT_FOUND,Primary source egress-blocked (403). Could not fetch to verify facility/unit count. Do NOT populate from aggregators per brief.
MTAR Technologies Limited,number of manufacturing facilities/units,UNREACHABLE,units,2021-02-22,company-wide,NOT_FOUND,https://simplehai.axisdirect.in/app/index.php/market/Equity/downloadProspectus/file/IPO_RHP_MTAR.pdf,MTAR Technologies Red Herring Prospectus dated February 22 2021,NOT_FOUND,RHP host egress-blocked (403). Business/Our Business section would carry facility count + built-up area + machine count; not verifiable.
MTAR Technologies Limited,total manufacturing area,UNREACHABLE,sq ft,NOT_FOUND,company-wide,NOT_FOUND,https://mtar.in/wp-content/uploads/2025/11/Investors-Presentation-30.09.2025.pdf,MTAR Investor Presentation (data as of 30-09-2025),NOT_FOUND,IR deck egress-blocked (403). Manufacturing area not verified from primary.
MTAR Technologies Limited,number of machines / CNC machines,UNREACHABLE,machines,NOT_FOUND,company-wide,NOT_FOUND,https://mtar.in/wp-content/uploads/2025/11/Investors-Presentation-30.09.2025.pdf,MTAR Investor Presentation (data as of 30-09-2025),NOT_FOUND,IR deck egress-blocked (403). Machine count not verified from primary; needed for normalise.csv.
MTAR Technologies Limited,installed capacity - clean energy hotbox units,UNREACHABLE,units per annum,NOT_FOUND,Clean Energy (fuel cells/hotboxes),NOT_FOUND,https://mtar.in/wp-content/uploads/2025/11/Investors-Presentation-30.09.2025.pdf,MTAR Investor Presentation (data as of 30-09-2025),NOT_FOUND,IR deck egress-blocked (403). Hotbox annual-capacity + scale-up roadmap not verified from primary.
MTAR Technologies Limited,capacity utilisation,UNREACHABLE,percent,NOT_FOUND,company-wide,NOT_FOUND,https://mtar.in/wp-content/uploads/2025/03/Annual-Report-FY-2024-Aug-17-2024.pdf,MTAR Annual Report FY2024,NOT_FOUND,Annual report egress-blocked (403). Capacity utilisation not verified from primary.
MTAR Technologies Limited,machine hours / machining hours,UNREACHABLE,hours,NOT_FOUND,company-wide,NOT_FOUND,https://simplehai.axisdirect.in/app/index.php/market/Equity/downloadProspectus/file/IPO_RHP_MTAR.pdf,MTAR Technologies Red Herring Prospectus dated February 22 2021,NOT_FOUND,RHP egress-blocked (403). No machine-hours convention footnote could be checked (TASK 2).
Sansera Engineering Limited,number of manufacturing plants,NOT_FOUND,NOT_FOUND,NOT_FOUND,consolidated,NOT_FOUND,https://d2un9pqbzgw43g.cloudfront.net/main/Sansera-Engineering-Limited-RHP.pdf,Sansera Engineering Limited RHP dated 6 September 2021,NOT_FOUND,UNREACHABLE — primary doc located but egress proxy returned 403 for all hosts; no figure read; not sourced from search snippets per BRIEF
Sansera Engineering Limited,manufacturing facility locations,NOT_FOUND,NOT_FOUND,NOT_FOUND,consolidated,NOT_FOUND,https://d2un9pqbzgw43g.cloudfront.net/main/Sansera-Engineering-Limited-RHP.pdf,Sansera Engineering Limited RHP dated 6 September 2021,NOT_FOUND,UNREACHABLE — egress 403; location list not read from primary source
Sansera Engineering Limited,manufacturing area,NOT_FOUND,NOT_FOUND,NOT_FOUND,consolidated,NOT_FOUND,https://sansera.in/wp-content/uploads/2024/09/Annual-Report-2023-24-1.pdf,Sansera Engineering Annual Report 2023-24,NOT_FOUND,UNREACHABLE — egress 403
Sansera Engineering Limited,installed capacity,NOT_FOUND,NOT_FOUND,NOT_FOUND,consolidated,NOT_FOUND,https://d2un9pqbzgw43g.cloudfront.net/main/Sansera-Engineering-Limited-RHP.pdf,Sansera Engineering Limited RHP dated 6 September 2021,NOT_FOUND,UNREACHABLE — egress 403
Sansera Engineering Limited,capacity utilisation,NOT_FOUND,NOT_FOUND,NOT_FOUND,consolidated,NOT_FOUND,https://www.icra.in/Rating/ShowRationalReportFilePdf/125868,ICRA rating rationale (reaffirmed 28-Feb-2024),NOT_FOUND,UNREACHABLE — egress 403; ICRA rationale is the likely richest source for utilisation but could not be read
Sansera Engineering Limited,number of machines / CNC machines,NOT_FOUND,NOT_FOUND,NOT_FOUND,consolidated,NOT_FOUND,https://d2un9pqbzgw43g.cloudfront.net/main/Sansera-Engineering-Limited-RHP.pdf,Sansera Engineering Limited RHP dated 6 September 2021,NOT_FOUND,UNREACHABLE — egress 403
Sansera Engineering Limited,machine hours / machining hours convention,NOT_FOUND,NOT_FOUND,NOT_FOUND,consolidated,NOT_FOUND,https://d2un9pqbzgw43g.cloudfront.net/main/Sansera-Engineering-Limited-RHP.pdf,Sansera Engineering Limited RHP dated 6 September 2021,NOT_FOUND,UNREACHABLE — egress 403; no hours footnote could be verified (TASK 2)
Sansera Engineering Limited,xEV / tech-agnostic segment capacity,NOT_FOUND,NOT_FOUND,NOT_FOUND,xEV/tech-agnostic,NOT_FOUND,https://sansera.in/wp-content/uploads/2025/05/Investors-Presentation_Q4FY25.pdf,Sansera Q4 FY25 Investor Presentation,NOT_FOUND,UNREACHABLE — egress 403
Dynamatic Technologies Limited,installed capacity - Aerospace,NOT_FOUND,,,Aerospace,NOT_FOUND,https://dynamatics.com/UploadImages/EarningsPresentation/Q4-and-Full-Year-FY2025-Earnings-Presentation5124-earning_presentation.pdf,Q4 and FY2025 Earnings Presentation,NOT_FOUND,UNREACHABLE - dynamatics.com egress-blocked by network proxy; document could not be fetched to source any figure
Dynamatic Technologies Limited,installed capacity - Hydraulics,NOT_FOUND,,,Hydraulics,NOT_FOUND,https://dynamatics.com/UploadImages/EarningsPresentation/Q4-and-Full-Year-FY2025-Earnings-Presentation5124-earning_presentation.pdf,Q4 and FY2025 Earnings Presentation,NOT_FOUND,UNREACHABLE - dynamatics.com egress-blocked; no figure sourced
Dynamatic Technologies Limited,installed capacity - Automotive/Metallurgy,NOT_FOUND,,,Automotive/Metallurgy,NOT_FOUND,https://dynamatics.com/UploadImages/EarningsPresentation/Q4-and-Full-Year-FY2025-Earnings-Presentation5124-earning_presentation.pdf,Q4 and FY2025 Earnings Presentation,NOT_FOUND,UNREACHABLE - dynamatics.com egress-blocked; no figure sourced
Dynamatic Technologies Limited,capacity utilisation,NOT_FOUND,,,All segments,NOT_FOUND,https://nsearchives.nseindia.com/corporate/DYNAMATICH_20052026121424_Presentation_19052026.pdf,Investor Presentation (May 2026),NOT_FOUND,UNREACHABLE - nsearchives.nseindia.com egress-blocked; no figure sourced
Dynamatic Technologies Limited,manufacturing area,NOT_FOUND,,,All facilities,NOT_FOUND,https://dynamatics.com/annual-reports,Annual Report FY2025,NOT_FOUND,UNREACHABLE - dynamatics.com egress-blocked; annual report could not be fetched
Dynamatic Technologies Limited,CNC / machine count,NOT_FOUND,,,All facilities,NOT_FOUND,https://dynamatics.com/annual-reports,Annual Report FY2025,NOT_FOUND,UNREACHABLE - dynamatics.com egress-blocked; no figure sourced
Dynamatic Technologies Limited,machine hours,NOT_FOUND,,,All facilities,NOT_FOUND,https://dynamatics.com/annual-reports,Annual Report FY2025,NOT_FOUND,UNREACHABLE - dynamatics.com egress-blocked; no machine-hours convention footnote could be inspected
Dynamatic Technologies Limited,capex / project cost,NOT_FOUND,,,All segments,NOT_FOUND,https://www.careratings.com,CARE Ratings rationale - Dynamatic Technologies,NOT_FOUND,UNREACHABLE - careratings.com egress-blocked; rating rationale could not be fetched
Indo-MIM Limited,installed capacity (MIM / precision components),NOT_FOUND,tonnes per annum or units per annum,NOT_FOUND,MIM + machined + investment-cast components,NOT_FOUND,https://indo-mim.com/wp-content/uploads/2025/09/INDO-MIM-Limited-DRHP.pdf,"INDO-MIM Limited Draft Red Herring Prospectus, dated September 26, 2025",NOT_FOUND,"Primary doc located but UNREACHABLE: host indo-mim.com returns egress-proxy policy denial (403). SEBI RHP page (sebi.gov.in), BSE mirror (bseindia.com), and all BRLM sites also policy-denied. No figure recorded to avoid using search-snippet as source. See gaps.md."
Indo-MIM Limited,number of MIM / injection moulding machines,NOT_FOUND,machines,NOT_FOUND,MIM,NOT_FOUND,https://indo-mim.com/wp-content/uploads/2025/09/INDO-MIM-Limited-DRHP.pdf,"INDO-MIM Limited Draft Red Herring Prospectus, dated September 26, 2025",NOT_FOUND,Primary doc UNREACHABLE (egress 403). Secondary trade-press mentions ~100 injection moulding machines but not from a fetched primary source; see gaps.md.
Indo-MIM Limited,number of CNC / machining machines,NOT_FOUND,machines,NOT_FOUND,machined components,NOT_FOUND,https://indo-mim.com/wp-content/uploads/2025/09/INDO-MIM-Limited-DRHP.pdf,"INDO-MIM Limited Draft Red Herring Prospectus, dated September 26, 2025",NOT_FOUND,Primary doc UNREACHABLE (egress 403).
Indo-MIM Limited,manufacturing area,NOT_FOUND,sq. m / sq. ft,NOT_FOUND,all facilities,NOT_FOUND,https://indo-mim.com/wp-content/uploads/2025/09/INDO-MIM-Limited-DRHP.pdf,"INDO-MIM Limited Draft Red Herring Prospectus, dated September 26, 2025",NOT_FOUND,"Primary doc UNREACHABLE (egress 403). Secondary sources cite ~1 million sq ft / DBP 13,000 sq m / HSK 12,000 sq m but not from a fetched primary source; see gaps.md."
Indo-MIM Limited,capacity utilisation,NOT_FOUND,percent,NOT_FOUND,MIM,NOT_FOUND,https://indo-mim.com/wp-content/uploads/2025/09/INDO-MIM-Limited-DRHP.pdf,"INDO-MIM Limited Draft Red Herring Prospectus, dated September 26, 2025",NOT_FOUND,"Primary doc UNREACHABLE (egress 403). Secondary coverage cites FY25 ~36.25% and FY26 ~32.16% but these are search-snippet SECONDARY, not verifiable against the primary doc; see gaps.md."
Indo-MIM Limited,number of manufacturing facilities,NOT_FOUND,facilities,NOT_FOUND,group,NOT_FOUND,https://indo-mim.com/wp-content/uploads/2025/09/INDO-MIM-Limited-DRHP.pdf,"INDO-MIM Limited Draft Red Herring Prospectus, dated September 26, 2025",NOT_FOUND,Primary doc UNREACHABLE (egress 403). Secondary sources vary (India Hoskote/Doddaballapur core plus overseas units); not verifiable; see gaps.md.
